{
  "accuracy": 0.8026969481902059,
  "precision": 0.6578947368421053,
  "recall": 0.5347593582887701,
  "f1": 0.5899705014749262,
  "roc_auc": 0.8359955049213361
}